{"name":"c830c4f2-daf0-40d8-a27d-ca95675da8ba","id":"/providers/Microsoft.Flow/flows/c830c4f2-daf0-40d8-a27d-ca95675da8ba","type":"Microsoft.Flow/flows","properties":{"apiId":"/providers/Microsoft.PowerApps/apis/shared_logicflows","displayName":"CSTR_Series_Simulation_Flow","definition":{"metadata":{"workflowEntityId":null,"processAdvisorMetadata":null,"flowclientsuspensionreason":"None","flowclientsuspensiontime":null,"flowclientsuspensionreasondetails":null,"creator":{"id":"d0461964-21df-40c3-9f36-899bff1d35e4","type":"User","tenantId":"e9112c5c-e4bb-4ab9-8b4c-3692f43531a7"},"provisioningMethod":"FromDefinition","failureAlertSubscription":true,"clientLastModifiedTime":"2022-12-29T15:57:24.0690948Z"},"$schema":"https://schema.management.azure.com/providers/Microsoft.Logic/schemas/2016-06-01/workflowdefinition.json#","contentVersion":"1.0.0.0","parameters":{"$connections":{"defaultValue":{},"type":"Object"},"$authentication":{"defaultValue":{},"type":"SecureObject"}},"triggers":{"manual":{"metadata":{"operationMetadataId":"06a6b282-1809-4fb8-86e6-589f8e1a0095"},"type":"Request","kind":"PowerApp","inputs":{"schema":{"type":"object","properties":{"SetVolume1variable_Value":{"type":"string","description":"Enter initial value","x-ms-powerflows-param-ispartial":false},"SetVolume2variable_Value":{"type":"string","description":"Enter initial value","x-ms-powerflows-param-ispartial":false},"SetFa0variable_Value":{"type":"string","description":"Enter initial value","x-ms-powerflows-param-ispartial":false},"SetFb0variable_Value":{"type":"string","description":"Enter initial value","x-ms-powerflows-param-ispartial":false},"SetFBoutvariable_Value":{"type":"string","description":"Enter initial value","x-ms-powerflows-param-ispartial":false},"Settrangevariable_Value":{"type":"string","description":"Enter initial value","x-ms-powerflows-param-ispartial":false}},"required":["SetVolume1variable_Value","SetVolume2variable_Value","SetFa0variable_Value","SetFb0variable_Value","SetFBoutvariable_Value","Settrangevariable_Value"]}}}},"actions":{"Set_Volume1_variable":{"runAfter":{},"metadata":{"operationMetadataId":"33bc8753-bac6-4591-8f21-15b05f80de85"},"type":"InitializeVariable","inputs":{"variables":[{"name":"Volume1","type":"string","value":"@{triggerBody()['SetVolume1variable_Value']}"}]}},"Set_Volume2_variable":{"runAfter":{"Set_Volume1_variable":["Succeeded"]},"metadata":{"operationMetadataId":"54d27956-f0a7-4e03-b1fa-eb9406d625cf"},"type":"InitializeVariable","inputs":{"variables":[{"name":"Volume2","type":"string","value":"@{triggerBody()['SetVolume2variable_Value']}"}]}},"Set_Fa0_variable":{"runAfter":{"Set_Volume2_variable":["Succeeded"]},"metadata":{"operationMetadataId":"010c592d-42e3-44af-9823-a0a2f3133646"},"type":"InitializeVariable","inputs":{"variables":[{"name":"Fa","type":"string","value":"@{triggerBody()['SetFa0variable_Value']}"}]}},"Set_Fb0_variable":{"runAfter":{"Set_Fa0_variable":["Succeeded"]},"metadata":{"operationMetadataId":"7a54bc57-a6d9-49d6-bc2a-ae082bbadc66"},"type":"InitializeVariable","inputs":{"variables":[{"name":"Fb","type":"string","value":"@{triggerBody()['SetFb0variable_Value']}"}]}},"Set_FBout_variable":{"runAfter":{"Set_Fb0_variable":["Succeeded"]},"metadata":{"operationMetadataId":"06d56fb8-00ca-42cd-9245-8339b7f8ac1b"},"type":"InitializeVariable","inputs":{"variables":[{"name":"FBout","type":"string","value":"@{triggerBody()['SetFBoutvariable_Value']}"}]}},"Set_trange_variable":{"runAfter":{"Set_FBout_variable":["Succeeded"]},"metadata":{"operationMetadataId":"334bf27b-2f84-48ac-a7fd-61fb54118ee5"},"type":"InitializeVariable","inputs":{"variables":[{"name":"trange","type":"string","value":"@{triggerBody()['Settrangevariable_Value']}"}]}},"CSTR_Reactor_HTTP_Request":{"runAfter":{"Apply_to_each":["Succeeded"]},"metadata":{"operationMetadataId":"2e9631d8-9452-4f73-8c59-ea06d758d30c"},"type":"Http","inputs":{"method":"POST","uri":"https://reactordesignfunction.azurewebsites.net/api/CSTRSeries?code=guDvNJ6qzpdwDnhzSG8SjAJC0msa3tuXSYNhI_GTnr1aAzFu0E9HrQ==","body":{"volumen_A":"@{variables('Volume1')}","volumen_B":"@{variables('Volume2')}","f_A":"@{variables('Fa')}","f_B":"@{variables('Fb')}","f_Bout":"@{variables('FBout')}","trange":"@{variables('trange')}"}}},"Parse_JSON":{"runAfter":{"CSTR_Reactor_HTTP_Request":["Succeeded"]},"metadata":{"operationMetadataId":"8d54477c-f3ce-42a7-81de-bea77cdce9ff"},"type":"ParseJson","inputs":{"content":"@body('CSTR_Reactor_HTTP_Request')","schema":{"type":"array","items":{"type":"object","properties":{"Ca":{"type":"number"},"Cb":{"type":"number"},"t":{"type":"number"}},"required":["Ca","Cb","t"]}}}},"Get_items":{"runAfter":{"Set_trange_variable":["Succeeded"]},"metadata":{"operationMetadataId":"709dc0ef-76db-4703-8420-c48f18b52c99"},"type":"OpenApiConnection","inputs":{"host":{"apiId":"/providers/Microsoft.PowerApps/apis/shared_sharepointonline","connectionName":"shared_sharepointonline","operationId":"GetItems"},"parameters":{"dataset":"https://t8656.sharepoint.com/sites/Reactor_Simulations","table":"e43f9ab6-904c-474d-854b-5fb1c076c3ea"},"authentication":{"value":"@json(decodeBase64(triggerOutputs().headers['X-MS-APIM-Tokens']))['$ConnectionKey']","type":"Raw"}}},"Apply_to_each":{"foreach":"@outputs('Get_items')?['body/value']","actions":{"Delete_item":{"runAfter":{},"metadata":{"operationMetadataId":"30330f2a-eed4-4671-b717-3d9f9ccfe90a"},"type":"OpenApiConnection","inputs":{"host":{"apiId":"/providers/Microsoft.PowerApps/apis/shared_sharepointonline","connectionName":"shared_sharepointonline","operationId":"DeleteItem"},"parameters":{"dataset":"https://t8656.sharepoint.com/sites/Reactor_Simulations","table":"e43f9ab6-904c-474d-854b-5fb1c076c3ea","id":"@items('Apply_to_each')?['ID']"},"authentication":{"value":"@json(decodeBase64(triggerOutputs().headers['X-MS-APIM-Tokens']))['$ConnectionKey']","type":"Raw"}}}},"runAfter":{"Get_items":["Succeeded"]},"metadata":{"operationMetadataId":"b6fe05d5-130a-4a0f-8019-657297a5f28d"},"type":"Foreach"},"Apply_to_each_2":{"foreach":"@body('Parse_JSON')","actions":{"Create_item":{"runAfter":{},"metadata":{"operationMetadataId":"1a7a2eae-28d4-4ded-8325-b539bc32da2a"},"type":"OpenApiConnection","inputs":{"host":{"apiId":"/providers/Microsoft.PowerApps/apis/shared_sharepointonline","connectionName":"shared_sharepointonline","operationId":"PostItem"},"parameters":{"dataset":"https://t8656.sharepoint.com/sites/Reactor_Simulations","table":"e43f9ab6-904c-474d-854b-5fb1c076c3ea","item/Title":"CSTR_Series","item/t":"@formatNumber(items('Apply_to_each_2')['t'],'0.00')","item/Ca":"@items('Apply_to_each_2')['Ca']","item/Cb":"@items('Apply_to_each_2')['Cb']"},"authentication":{"value":"@json(decodeBase64(triggerOutputs().headers['X-MS-APIM-Tokens']))['$ConnectionKey']","type":"Raw"}}}},"runAfter":{"Parse_JSON":["Succeeded"]},"metadata":{"operationMetadataId":"716acc6e-3d38-4fb5-a10b-b3b5b8b40e8c"},"type":"Foreach"},"Respond_to_a_PowerApp_or_flow":{"runAfter":{"Apply_to_each_2":["Succeeded"]},"metadata":{"operationMetadataId":"b7098ca2-eeb4-4d6a-a3d9-2d223d71502b"},"type":"Response","kind":"PowerApp","inputs":{"statusCode":200,"body":{"result":"true"},"schema":{"type":"object","properties":{"result":{"title":"result","x-ms-dynamically-added":true,"type":"string"}}}}}}},"connectionReferences":{"shared_sharepointonline":{"connectionName":"52d1c1b2907441b091a152ca80e9bbba","source":"Invoker","id":"/providers/Microsoft.PowerApps/apis/shared_sharepointonline","tier":"NotSpecified"}},"flowFailureAlertSubscribed":false,"isManaged":false}}