{"schemaVersion":"1.0","appDefinitionTemplate":{"id":"/providers/Microsoft.PowerApps/apps/","type":"Microsoft.PowerApps/apps","tags":{"primaryDeviceWidth":"1366","primaryDeviceHeight":"768","supportsPortrait":"true","supportsLandscape":"true","primaryFormFactor":"Tablet","publisherVersion":"3.22122.15","minimumRequiredApiVersion":"2.2.0","hasComponent":"false","hasUnlockedComponent":"false","isUnifiedRootApp":"false","sienaVersion":"20221229T160417Z-3.22122.15.0"},"properties":{"appVersion":"2022-12-29T16:04:17Z","lifeCycleId":"Published","createdByClientVersion":{"major":3,"minor":22122,"build":15,"revision":0,"majorRevision":0,"minorRevision":0},"minClientVersion":{"major":3,"minor":22122,"build":15,"revision":0,"majorRevision":0,"minorRevision":0},"backgroundColor":"rgba(255, 255, 255, 1)","backgroundImageUri":"/6899084481580787708/Nb6dfd365-e03d-40ca-8803-b0a01597b4a1-logoSmallFile","displayName":"CSTR series simulation","description":"CSTR Serie Reactor simulation developed by Manuel Portero Leiva","commitMessage":"","appUris":{"documentUri":{"value":"/6899084481580787708/N8c14e0da-786d-4dc2-ba06-e2fa614418e5-document.msapp"},"imageUris":[],"additionalUris":[]},"createdTime":"0001-01-01T00:00:00Z","lastModifiedTime":"0001-01-01T00:00:00Z","sharedGroupsCount":0,"sharedUsersCount":0,"icons":{"smallIconUri":"/6899084481580787708/N9c69b976-db21-4cac-aba2-04493cb71ec9-small.png","mediumIconUri":"/6899084481580787708/Nacaa996c-15a0-4629-ba9f-f8f2da571d46-medium.png","largeIconUri":"/6899084481580787708/Na52db433-902e-4cc9-8e4b-327fbbb3f51a-large.png","wideIconUri":"/6899084481580787708/Nf79e3d22-00ed-436c-bcf0-102abbbc6181-wide.png"},"connectionReferences":{"ccd29fa1-f6ea-4cbd-b066-66259bedf536":{"id":"82941e9d-6225-4590-aeea-dcdf97cd516a","displayName":"SharePoint","iconUri":"https://connectoricons-prod.azureedge.net/u/juanq/gateway/greyhound/3000.150.11/1.0.1613.3116/sharepointonline/icon.png","dataSources":["CSTR_Series"],"dependencies":[],"dependents":["31a384d7-2c41-41d7-beae-e2f94036b46e"],"parameterHints":{},"parameterHintsV2":{},"isOnPremiseConnection":false,"bypassConsent":false,"dataSets":{"https://t8656.sharepoint.com/sites/Reactor_Simulations":{"dataSources":{"CSTR_Series":{"tableName":"e43f9ab6-904c-474d-854b-5fb1c076c3ea"}}}},"apiTier":"Standard","isCustomApiConnection":false,"actions":["providers/PowerPlatform.Governance/Operations/Read"]},"31a384d7-2c41-41d7-beae-e2f94036b46e":{"id":"1b054fff-6a90-4c45-90f9-58e3b402966e","displayName":"Flujos lógicos","iconUri":"https://connectoricons-prod.azureedge.net/releases/v1.0.1534/1.0.1534.2605/logicflows/icon.png","dataSources":["CSTR_Series_Simulation_Flow"],"dependencies":["ccd29fa1-f6ea-4cbd-b066-66259bedf536"],"dependents":[],"parameterHints":{"workflowName":{"value":"73a08642-82c9-4d02-9faa-9e5ce3ac7fc9"},"workflowEntityId":{},"ccd29fa1-f6ea-4cbd-b066-66259bedf536":{"value":"shared_sharepointonline"}},"parameterHintsV2":{"workflowName":{"value":"73a08642-82c9-4d02-9faa-9e5ce3ac7fc9"},"workflowEntityId":{},"shared_sharepointonline":{"value":"ccd29fa1-f6ea-4cbd-b066-66259bedf536"}},"isOnPremiseConnection":false,"bypassConsent":false,"dataSets":{},"apiTier":"Standard","isCustomApiConnection":false,"actions":["Run"],"nestedActions":[{"id":"/providers/Microsoft.PowerApps/apis/shared_sharepointonline/apiOperations/GetItems","apiName":"SharePoint","actionName":"GetItems","referencedResources":[{"key":"site","value":"https://t8656.sharepoint.com/sites/Reactor_Simulations"},{"key":"list","value":"e43f9ab6-904c-474d-854b-5fb1c076c3ea"}]},{"id":"/providers/Microsoft.PowerApps/apis/shared_sharepointonline/apiOperations/DeleteItem","apiName":"SharePoint","actionName":"DeleteItem","referencedResources":[{"key":"site","value":"https://t8656.sharepoint.com/sites/Reactor_Simulations"},{"key":"list","value":"e43f9ab6-904c-474d-854b-5fb1c076c3ea"}]},{"id":"/providers/Microsoft.PowerApps/apis/shared_sharepointonline/apiOperations/PostItem","apiName":"SharePoint","actionName":"PostItem","referencedResources":[{"key":"site","value":"https://t8656.sharepoint.com/sites/Reactor_Simulations"},{"key":"list","value":"e43f9ab6-904c-474d-854b-5fb1c076c3ea"}]}]}},"databaseReferences":{},"almMode":"Environment","performanceOptimizationEnabled":true,"canConsumeAppPass":true,"enableModernRuntimeMode":false,"executionRestrictions":{"isTeamsOnly":false,"dataLossPreventionEvaluationResult":{"status":"Compliant","lastEvaluationDate":"2022-12-29T16:04:35.3373069Z","violations":[],"violationsByPolicy":[],"violationErrorMessage":"La aplicación usa los siguientes conectores: shared_sharepointonline, shared_logicflows."},"httpActionRestriction":{"appUsesSharepointHttpAction":false,"enforcementStrategy":"Legacy","evaluationTime":"2022-12-29T16:04:35.3372054Z"}}},"appType":"ClassicCanvasApp","appComponents":[]}}